<?xml version="1.0" encoding="UTF-8"?>
<metadata xml:lang="es"><Esri><CreaDate>20191031</CreaDate><CreaTime>11165800</CreaTime><ArcGISFormat>1.0</ArcGISFormat><SyncOnce>TRUE</SyncOnce><DataProperties><lineage><Process ToolSource="c:\program files (x86)\arcgis\desktop10.7\ArcToolbox\Toolboxes\Data Management Tools.tbx\MosaicToNewRaster" Date="20191031" Time="111700">MosaicToNewRaster D:\02_ParaEntrega\01MDE_1.5m\mdt_tif_e14a39a2\conjunto_de_datos/e14a39a2_mt_.tif D:\02_ParaEntrega\01MDE_1.5m\mdt_tif_e14a39a2\conjunto_de_datos e14a39a2_mt.tif PROJCS['MEXICO_ITRF_2008_UTM_Zone_14N',GEOGCS['ITRF_2008',DATUM['D_ITRF_2008',SPHEROID['GRS_1980',6378137.0,298.257222101]],PRIMEM['Greenwich',0.0],UNIT['Degree',0.0174532925199433]],PROJECTION['Transverse_Mercator'],PARAMETER['False_Easting',500000.0],PARAMETER['False_Northing',0.0],PARAMETER['Central_Meridian',-99.0],PARAMETER['Scale_Factor',0.9996],PARAMETER['Latitude_Of_Origin',0.0],UNIT['Meter',1.0]] 32_BIT_FLOAT 1.5 1 MEAN FIRST</Process></lineage></DataProperties></Esri></metadata>
